modèle,RMSE,MAE,R²,Score Train,Score Test
LinearRegression,0.39777471329169267,0.2606564515736233,0.829478626133356,0.7496529355425989,0.829478626133356
RandomForestRegressor,0.36394974416820075,0.18968614945592885,0.8572463185027146,0.971381008545612,0.8572463185027146
XGBRegressor,0.43049504266398414,0.22445270375926699,0.8002711553767732,0.9953203150737688,0.8002711553767732
SVR,0.3257842925996375,0.16127683036093188,0.885616136097067,0.829906374268747,0.885616136097067
